arm	k	split	loss	ckpt	wandb_url
phase1	0	QA	2.23880672454834	/localhome/local-triv/gated-continual-cartridges_explore/outputs/phase1_selfdistill_qwen512/cache_last.pt	https://wandb.ai/vqtri-purdue-university/SEACrowd/runs/e0vhi8lj
phase1	0	MT	3.7825491428375244	/localhome/local-triv/gated-continual-cartridges_explore/outputs/phase1_selfdistill_qwen512/cache_last.pt	https://wandb.ai/vqtri-purdue-university/SEACrowd/runs/hpvm38hv
armB	16	MT	3.434339761734009	/localhome/local-triv/gated-continual-cartridges_explore/outputs/2026-07-28-22-52-30-continual_am_sparse/03b02326-28dc-4eeb-973b-13bd100b5c3c/cache-after-doc-015-8f0f132c.pt	https://wandb.ai/vqtri-purdue-university/SEACrowd/runs/7mmtfjgl
armB	16	QA	2.8909239768981934	/localhome/local-triv/gated-continual-cartridges_explore/outputs/2026-07-28-22-52-30-continual_am_sparse/03b02326-28dc-4eeb-973b-13bd100b5c3c/cache-after-doc-015-8f0f132c.pt	https://wandb.ai/vqtri-purdue-university/SEACrowd/runs/6fshn9e3
armB	1	MT	3.7951605319976807	/localhome/local-triv/gated-continual-cartridges_explore/outputs/2026-07-28-22-52-30-continual_am_sparse/03b02326-28dc-4eeb-973b-13bd100b5c3c/cache-after-doc-000-f13f88b1.pt	https://wandb.ai/vqtri-purdue-university/SEACrowd/runs/u9sc3x57
armB	1	QA	2.3356497287750244	/localhome/local-triv/gated-continual-cartridges_explore/outputs/2026-07-28-22-52-30-continual_am_sparse/03b02326-28dc-4eeb-973b-13bd100b5c3c/cache-after-doc-000-f13f88b1.pt	https://wandb.ai/vqtri-purdue-university/SEACrowd/runs/kjoqveir
armB	4	MT	3.265904664993286	/localhome/local-triv/gated-continual-cartridges_explore/outputs/2026-07-28-22-52-30-continual_am_sparse/03b02326-28dc-4eeb-973b-13bd100b5c3c/cache-after-doc-003-196cbc77.pt	https://wandb.ai/vqtri-purdue-university/SEACrowd/runs/5l0arz37
armB	4	QA	2.2603511810302734	/localhome/local-triv/gated-continual-cartridges_explore/outputs/2026-07-28-22-52-30-continual_am_sparse/03b02326-28dc-4eeb-973b-13bd100b5c3c/cache-after-doc-003-196cbc77.pt	https://wandb.ai/vqtri-purdue-university/SEACrowd/runs/w81xzc9u
armB	8	MT	2.997771978378296	/localhome/local-triv/gated-continual-cartridges_explore/outputs/2026-07-28-22-52-30-continual_am_sparse/03b02326-28dc-4eeb-973b-13bd100b5c3c/cache-after-doc-007-85188ea2.pt	https://wandb.ai/vqtri-purdue-university/SEACrowd/runs/n0n2pxqz
armB	8	QA	2.336148500442505	/localhome/local-triv/gated-continual-cartridges_explore/outputs/2026-07-28-22-52-30-continual_am_sparse/03b02326-28dc-4eeb-973b-13bd100b5c3c/cache-after-doc-007-85188ea2.pt	https://wandb.ai/vqtri-purdue-university/SEACrowd/runs/2fydu25k
armB	12	MT	3.043623208999634	/localhome/local-triv/gated-continual-cartridges_explore/outputs/2026-07-28-22-52-30-continual_am_sparse/03b02326-28dc-4eeb-973b-13bd100b5c3c/cache-after-doc-011-17a88020.pt	https://wandb.ai/vqtri-purdue-university/SEACrowd/runs/msw9td8c
armB	12	QA	2.5040109157562256	/localhome/local-triv/gated-continual-cartridges_explore/outputs/2026-07-28-22-52-30-continual_am_sparse/03b02326-28dc-4eeb-973b-13bd100b5c3c/cache-after-doc-011-17a88020.pt	https://wandb.ai/vqtri-purdue-university/SEACrowd/runs/jl62565o
armC	16	MT	2.8920047283172607	/localhome/local-triv/gated-continual-cartridges_explore/outputs/2026-07-28-23-02-19-continual_am_sparse/14501f52-61b5-441f-b451-15656cbaf687/cache-after-doc-015-ae4e8fb7.pt	https://wandb.ai/vqtri-purdue-university/SEACrowd/runs/czmi1bir
armC	16	QA	2.4756991863250732	/localhome/local-triv/gated-continual-cartridges_explore/outputs/2026-07-28-23-02-19-continual_am_sparse/14501f52-61b5-441f-b451-15656cbaf687/cache-after-doc-015-ae4e8fb7.pt	https://wandb.ai/vqtri-purdue-university/SEACrowd/runs/44rlq87l
armC	1	MT	3.631312608718872	/localhome/local-triv/gated-continual-cartridges_explore/outputs/2026-07-28-23-02-19-continual_am_sparse/14501f52-61b5-441f-b451-15656cbaf687/cache-after-doc-000-af07b880.pt	https://wandb.ai/vqtri-purdue-university/SEACrowd/runs/dpcm7u6j
armC	1	QA	2.2716188430786133	/localhome/local-triv/gated-continual-cartridges_explore/outputs/2026-07-28-23-02-19-continual_am_sparse/14501f52-61b5-441f-b451-15656cbaf687/cache-after-doc-000-af07b880.pt	https://wandb.ai/vqtri-purdue-university/SEACrowd/runs/mo7jh4t7
armC	4	MT	3.1886277198791504	/localhome/local-triv/gated-continual-cartridges_explore/outputs/2026-07-28-23-02-19-continual_am_sparse/14501f52-61b5-441f-b451-15656cbaf687/cache-after-doc-003-01bdc15a.pt	https://wandb.ai/vqtri-purdue-university/SEACrowd/runs/0uu7tp09
armC	4	QA	2.1035304069519043	/localhome/local-triv/gated-continual-cartridges_explore/outputs/2026-07-28-23-02-19-continual_am_sparse/14501f52-61b5-441f-b451-15656cbaf687/cache-after-doc-003-01bdc15a.pt	https://wandb.ai/vqtri-purdue-university/SEACrowd/runs/zm9xrbd1
armC	8	MT	2.8801217079162598	/localhome/local-triv/gated-continual-cartridges_explore/outputs/2026-07-28-23-02-19-continual_am_sparse/14501f52-61b5-441f-b451-15656cbaf687/cache-after-doc-007-6f413175.pt	https://wandb.ai/vqtri-purdue-university/SEACrowd/runs/h4az3eor
armC	8	QA	2.173814535140991	/localhome/local-triv/gated-continual-cartridges_explore/outputs/2026-07-28-23-02-19-continual_am_sparse/14501f52-61b5-441f-b451-15656cbaf687/cache-after-doc-007-6f413175.pt	https://wandb.ai/vqtri-purdue-university/SEACrowd/runs/6okbyigb
armC	12	MT	2.7166481018066406	/localhome/local-triv/gated-continual-cartridges_explore/outputs/2026-07-28-23-02-19-continual_am_sparse/14501f52-61b5-441f-b451-15656cbaf687/cache-after-doc-011-a11f66ae.pt	https://wandb.ai/vqtri-purdue-university/SEACrowd/runs/s6j1m9f4
armC	12	QA	2.1985256671905518	/localhome/local-triv/gated-continual-cartridges_explore/outputs/2026-07-28-23-02-19-continual_am_sparse/14501f52-61b5-441f-b451-15656cbaf687/cache-after-doc-011-a11f66ae.pt	https://wandb.ai/vqtri-purdue-university/SEACrowd/runs/dwkxd0dv
