id,category,original_question,original_answer,mcq_question,option_a,option_b,option_c,option_d,answer
1906.00378,,"Please write a succinct answer to the following question.
You do not need to restate the paper name or answer in complete sentences.

<question>
According to the paper ""Unsupervised Bilingual Lexicon Induction from Mono-lingual Multimodal Data,"" which vision-based approaches does the proposed method outperform?
</question>

Provide your answer in the following format (output nothing else):


{your answer here}","CNN-mean, CNN-avgmax","According to the paper, which vision-based approaches does the proposed method outperform?",Text-only baselines,CNN-mean and CNN-avgmax,Transformer-based models only,None of the listed approaches,B
1906.00378,,"Please write a succinct answer to the following question.
You do not need to restate the paper name or answer in complete sentences.

<question>
In the paper ""Unsupervised Bilingual Lexicon Induction from Mono-lingual Multimodal Data,"" what baseline method is used in the experimental setup?
</question>

Provide your answer in the following format (output nothing else):


{your answer here}","CNN-mean, CNN-avgmax",Which of the following methods is used as a baseline in the experimental setup of the paper 'Unsupervised Bilingual Lexicon Induction from Mono-lingual Multimodal Data'?,SVM-linear,Transformer,CNN-mean,RNN-max,C
1906.00378,,"Please write a succinct answer to the following question.
You do not need to restate the paper name or answer in complete sentences.

<question>
In the paper ""Unsupervised Bilingual Lexicon Induction from Mono-lingual Multimodal Data,"" which two languages are used in the multi-lingual caption model?
</question>

Provide your answer in the following format (output nothing else):


{your answer here}","German-English, French-English, Japanese-English",Which of the following language pairs are used in the multi-lingual caption model in the paper?,"French-Japanese, German-Spanish, English-Chinese","German-English, French-English, Japanese-English","German-French, Japanese-Spanish, English-Russian","Spanish-English, Russian-English, Chinese-English",B
1905.11901,,"Please write a succinct answer to the following question.
You do not need to restate the paper name or answer in complete sentences.

<question>
In the paper ""Revisiting Low-Resource Neural Machine Translation: A Case Study,"" what dataset sizes were used for the German-English translation experiments?
</question>

Provide your answer in the following format (output nothing else):


{your answer here}","Training data sizes: 159,000; 80,000; 40,000; 20,000; 10,000; and 5,000 sentences. Development set: 7,584 sentences.",Which of the following was NOT a training data size used for the German-English translation experiments in the study?,"159,000 sentences","5,000 sentences","50,000 sentences","10,000 sentences",C
1905.11901,,"Please write a succinct answer to the following question.
You do not need to restate the paper name or answer in complete sentences.

<question>
In the paper ""Revisiting Low-Resource Neural Machine Translation: A Case Study,"" what were the main findings regarding experimental results on the low-resource dataset?
</question>

Provide your answer in the following format (output nothing else):


{your answer here}","Achieved 10.37 BLEU on the low-resource Korean–English dataset, outperforming previous results (5.97 BLEU); applied techniques were effective across datasets.",What was a key finding from the experimental results in the paper 'Revisiting Low-Resource Neural Machine Translation: A Case Study'?,Their methods achieved identical results as previous studies on the low-resource dataset.,BLEU scores decreased to 4.87 on the low-resource Korean–English dataset.,"They achieved 10.37 BLEU on the low-resource Korean–English dataset, outperforming previous results.",The techniques showed no significant effect across different datasets.,C
1905.11901,,"Please write a succinct answer to the following question.
You do not need to restate the paper name or answer in complete sentences.

<question>
In the paper ""Revisiting Low-Resource Neural Machine Translation: A Case Study,"" which methods do the authors compare with on the Korean-English dataset?
</question>

Provide your answer in the following format (output nothing else):


{your answer here}",gu-EtAl:2018:EMNLP1,Which method do the authors compare with on the Korean-English dataset in the paper 'Revisiting Low-Resource Neural Machine Translation: A Case Study'?,gu-EtAl:2018:EMNLP1,"Vaswani et al., 2017","Bahdanau et al., 2015","Luong et al., 2015",A
1905.11901,,"Please write a succinct answer to the following question.
You do not need to restate the paper name or answer in complete sentences.

<question>
According to the paper ""Revisiting Low-Resource Neural Machine Translation: A Case Study,"" what specific pitfalls do the authors identify in the context of low-resource neural machine translation?
</question>

Provide your answer in the following format (output nothing else):


{your answer here}",highly data-inefficient; underperform phrase-based statistical machine translation in low-data conditions,"According to the paper, which pitfall is identified for low-resource neural machine translation systems?",Are unaffected by the amount of available training data,Significantly outperform all other models in low-data conditions,Require no data for effective training,Highly data-inefficient and underperform phrase-based statistical machine translation in low-data conditions,D
1911.03310,,"Please write a succinct answer to the following question.
You do not need to restate the paper name or answer in complete sentences.

<question>
In the paper ""How Language-Neutral is Multilingual BERT?"", how do the authors demonstrate that the language-neutral component of multilingual BERT is sufficiently general in modeling semantics to enable high-accuracy word alignment?
</question>

Provide your answer in the following format (output nothing else):


{your answer here}","Word-alignment using mBERT representations achieves higher accuracy than the FastAlign tool, even without large parallel corpora, indicating that mBERT’s language-neutral component effectively models word-level semantics for high-accuracy alignment; explicit projection learning adds negligible improvement.","According to the authors of 'How Language-Neutral is Multilingual BERT?', what evidence suggests that the language-neutral component of mBERT is sufficiently general for high-accuracy word alignment?",FastAlign outperforms mBERT representations in all word alignment tasks.,"mBERT representations enable word-alignment with higher accuracy than FastAlign, even without large parallel corpora, and explicit projection learning offers little additional improvement.",mBERT representations require explicit projection learning to achieve any usable word alignment.,Word alignment with mBERT only works well with extensive parallel corpora.,B
1911.03310,,"Please write a succinct answer to the following question.
You do not need to restate the paper name or answer in complete sentences.

<question>
In the paper ""How Language-Neutral is Multilingual BERT?"", are the language-specific and language-neutral components of mBERT found to be disjunctive according to the authors' analysis?
</question>

Provide your answer in the following format (output nothing else):


{your answer here}","No; the authors' analysis suggests that language-specific and language-neutral components in mBERT are not fully disjunctive, as language-specific information can be removed by centering representations, indicating overlap.","According to the paper 'How Language-Neutral is Multilingual BERT?', what do the authors conclude about the relationship between language-specific and language-neutral components in mBERT?",They are fully disjunctive with no overlap.,They completely overlap and cannot be separated.,They are not fully disjunctive and show some overlap.,The authors do not analyze their relationship.,C
1911.03310,,"Please write a succinct answer to the following question.
You do not need to restate the paper name or answer in complete sentences.

<question>
In the paper ""How Language-Neutral is Multilingual BERT?"", how do the authors demonstrate that mBERT representations can be decomposed into a language-specific component and a language-neutral component?
</question>

Provide your answer in the following format (output nothing else):


{your answer here}","By centering the mBERT sentence representations for each language (subtracting the language-specific centroid so the average is at the origin), the authors remove language-specific information and analyze the resulting representations with probing tasks to show that mBERT representations can be decomposed into language-specific and language-neutral components.",How do the authors of 'How Language-Neutral is Multilingual BERT?' demonstrate that mBERT representations can be decomposed into language-specific and language-neutral components?,By training mBERT only on language-neutral tasks.,By replacing words with their synonyms in each language and observing the changes.,By using machine translation to align representations across languages.,By centering the mBERT representations for each language and analyzing the result with probing tasks.,D
1911.03310,,"Please write a succinct answer to the following question.
You do not need to restate the paper name or answer in complete sentences.

<question>
According to the paper ""How Language-Neutral is Multilingual BERT?"", what specific challenges do the authors identify that must be addressed in order to develop more effective language-neutral representations?
</question>

Provide your answer in the following format (output nothing else):


{your answer here}","contextual embeddings do not represent similar semantic phenomena similarly across languages, making them not directly usable for zero-shot cross-lingual tasks; thus, developing more effective language-neutral representations requires addressing this inconsistency in semantic representation.","According to the paper 'How Language-Neutral is Multilingual BERT?', what challenge hinders the development of effective language-neutral representations?",Word embeddings are identical for all languages.,Monolingual models are more effective than multilingual ones for all tasks.,There are no challenges; mBERT is perfectly language-neutral.,Contextual embeddings do not represent similar semantic phenomena similarly across languages.,D
1910.11471,,"Please write a succinct answer to the following question.
You do not need to restate the paper name or answer in complete sentences.

<question>
In the paper ""Machine Translation from Natural Language to Code using Long-Short Term Memory,"" which dataset do the authors use for training and evaluating their model?
</question>

Provide your answer in the following format (output nothing else):


{your answer here}","A parallel corpus of 18,805 aligned pairs, with English expressions as source and Python code as target.",Which dataset did the authors use for training and evaluating their model in the paper 'Machine Translation from Natural Language to Code using Long-Short Term Memory'?,"A parallel corpus of 18,805 aligned English expressions and Python code.",A dataset of Spanish questions and C++ code.,A collection of Java documentation and Ruby programs.,A Wikipedia dump of programming concepts.,A
1910.11471,,"Please write a succinct answer to the following question.
You do not need to restate the paper name or answer in complete sentences.

<question>
In the paper ""Machine Translation from Natural Language to Code using Long-Short Term Memory,"" do the authors compare their LSTM-based model to any other models? If so, which models do they use for comparison?
</question>

Provide your answer in the following format (output nothing else):


{your answer here}",Yes; the authors compare their LSTM-based model to phrase-based statistical machine translation (SMT) models.,"Which models do the authors compare their LSTM-based model to in the paper ""Machine Translation from Natural Language to Code using Long-Short Term Memory""?",Phrase-based statistical machine translation (SMT) models,Convolutional neural networks,Support vector machines,Random forests,A
1910.11471,,"Please write a succinct answer to the following question.
You do not need to restate the paper name or answer in complete sentences.

<question>
According to the paper ""Machine Translation from Natural Language to Code using Long-Short Term Memory,"" what is the architecture of the proposed system for translating natural language to code?
</question>

Provide your answer in the following format (output nothing else):


{your answer here}","LSTM-based sequence-to-sequence architecture with encoder, decoder, and output layers.","What architecture does the proposed system use for translating natural language to code, according to the referenced paper?",A rule-based expert system.,Recurrent Neural Network without encoder-decoder layers.,Transformer-based model with self-attention layers.,"LSTM-based sequence-to-sequence architecture with encoder, decoder, and output layers.",D
1910.11471,,"Please write a succinct answer to the following question.
You do not need to restate the paper name or answer in complete sentences.

<question>
According to the paper ""Machine Translation from Natural Language to Code using Long-Short Term Memory,"" what additional techniques do the authors suggest could be incorporated to further improve accuracy?
</question>

Provide your answer in the following format (output nothing else):


{your answer here}",Phrase-based word embedding; Abstract Syntax Tree (AST).,"According to the paper ""Machine Translation from Natural Language to Code using Long-Short Term Memory,"" which additional techniques do the authors suggest could further improve accuracy?",Bag-of-words and decision trees,Support vector machines and stemming,Phrase-based word embedding and Abstract Syntax Tree (AST),Recurrent neural networks and dropout regularization,C
1910.11471,,"Please write a succinct answer to the following question.
You do not need to restate the paper name or answer in complete sentences.

<question>
In the paper ""Machine Translation from Natural Language to Code using Long-Short Term Memory,"" which programming language is used as the target language for code generation?
</question>

Provide your answer in the following format (output nothing else):


{your answer here}",Python,Which programming language is used as the target language for code generation in the paper 'Machine Translation from Natural Language to Code using Long-Short Term Memory'?,C++,JavaScript,Java,Python,D
1910.11471,,"Please write a succinct answer to the following question.
You do not need to restate the paper name or answer in complete sentences.

<question>
In the paper ""Machine Translation from Natural Language to Code using Long-Short Term Memory,"" which dataset is used to evaluate the accuracy of the proposed model?
</question>

Provide your answer in the following format (output nothing else):


{your answer here}",500 validation data from the source corpus.,Which dataset was used to evaluate the accuracy of the proposed model in the paper 'Machine Translation from Natural Language to Code using Long-Short Term Memory'?,500 validation data from the source corpus,A hand-annotated test set from Wikipedia,1000 randomly selected Stack Overflow posts,The Penn Treebank dataset,A
1903.03467,,"Please write a succinct answer to the following question.
You do not need to restate the paper name or answer in complete sentences.

<question>
What conclusions are drawn from the syntactic analysis in the paper ""Filling Gender&Number Gaps in Neural Machine Translation with Black-box Context Injection""?
</question>

Provide your answer in the following format (output nothing else):


{your answer here}","enables control over the morphological realization of first and second-person pronouns, as well as related verbs and adjectives","According to the syntactic analysis in the paper 'Filling Gender&Number Gaps in Neural Machine Translation with Black-box Context Injection', what does their approach enable?",It prevents neural machine translation from using any first or second-person pronouns.,"It enables control over the morphological realization of first and second-person pronouns, as well as related verbs and adjectives.",It translates only third-person pronouns accurately.,It ignores morphological realization in translation.,B
1903.03467,,"Please write a succinct answer to the following question.
You do not need to restate the paper name or answer in complete sentences.

<question>
In the paper ""Filling Gender&Number Gaps in Neural Machine Translation with Black-box Context Injection,"" what type of syntactic analysis do the authors perform?
</question>

Provide your answer in the following format (output nothing else):


{your answer here}","Speaker's Gender Effects: analyze first-person singular pronouns and the gender of their governing verbs/adjectives; Interlocutors' Gender and Number Effects: analyze second-person pronouns and their gender/number, including governing verbs/adjectives.",Which aspects did the authors analyze in their syntactic analysis for filling gender and number gaps in neural machine translation?,Word frequency counts in the translation corpus.,Exclusively the translation of third-person pronouns.,Analysis of only masculine plural noun phrases.,Speaker's gender effects on first-person singular pronouns and their governing verbs/adjectives; Interlocutors' gender and number effects on second-person pronouns and their governing verbs/adjectives.,D
1903.03467,,"Please write a succinct answer to the following question.
You do not need to restate the paper name or answer in complete sentences.

<question>
In the paper ""Filling Gender&Number Gaps in Neural Machine Translation with Black-box Context Injection,"" how do the authors demonstrate that their system successfully injects the correct gender and number information into neural machine translation outputs?
</question>

Provide your answer in the following format (output nothing else):


{your answer here}","- Show that providing correct gender and number information as prefixes increases BLEU scores by up to 2.3 over the baseline.
- Demonstrate that adding “She said” prefixes substantially increases the proportion of feminine-marked verbs in translations, bringing them much closer to the reference.",How did the authors demonstrate the success of their black-box context injection system in neural machine translation?,By comparing translation speed without measuring gender or number accuracy.,By showing that correct gender and number prefixes increase BLEU scores and that 'She said' prefixes increase feminine-marked verbs in translations.,By adding random prefixes unrelated to gender or number and observing no change.,By only evaluating BLEU scores on a generic test set.,B
1903.03467,,"Please write a succinct answer to the following question.
You do not need to restate the paper name or answer in complete sentences.

<question>
Which neural machine translation system is used in the paper ""Filling Gender&Number Gaps in Neural Machine Translation with Black-box Context Injection""?
</question>

Provide your answer in the following format (output nothing else):


{your answer here}",Google's machine translation system (GMT),"Which neural machine translation system is used in the paper ""Filling Gender&Number Gaps in Neural Machine Translation with Black-box Context Injection""?",Google's machine translation system (GMT),Amazon Translate,Facebook's machine translation system,Microsoft Translator,A
1903.03467,,"Please write a succinct answer to the following question.
You do not need to restate the paper name or answer in complete sentences.

<question>
According to the paper ""Filling Gender&Number Gaps in Neural Machine Translation with Black-box Context Injection,"" what are the components of the black-box context injection system described by the authors?
</question>

Provide your answer in the following format (output nothing else):


{your answer here}","Components:  
- Black-box context injection by prepending context phrases to the input (e.g., “He said:”, “She said:”, “I said to them:”)
- Context phrases encode information about speaker gender and audience number/gender
- No modification to the NMT system internals or training; operates solely by modifying input text",Which of the following best describes a component of the black-box context injection system from the paper?,It prepends context phrases to the input that encode speaker and audience gender and number.,It uses post-processing on the output to adjust gender and number.,It retrains the NMT model to recognize gender and number.,It modifies the NMT system's internal code to add gender and number recognition.,A
1911.00069,,"Please write a succinct answer to the following question.
You do not need to restate the paper name or answer in complete sentences.

<question>
In the paper ""Neural Cross-Lingual Relation Extraction Based on Bilingual Word Embedding Mapping,"" do the authors train their own relation extraction (RE) model?
</question>

Provide your answer in the following format (output nothing else):


{your answer here}",Yes.,"In the paper 'Neural Cross-Lingual Relation Extraction Based on Bilingual Word Embedding Mapping,' what do the authors do regarding the relation extraction (RE) model?",They do not use any RE model in their work.,They only discuss RE models in theory without experimentation.,They use only publicly available RE models without any training.,They train their own RE model.,D
1911.00069,,"Please write a succinct answer to the following question.
You do not need to restate the paper name or answer in complete sentences.

<question>
According to the paper ""Neural Cross-Lingual Relation Extraction Based on Bilingual Word Embedding Mapping,"" what are the sizes of the datasets used in the experiments?
</question>

Provide your answer in the following format (output nothing else):


{your answer here}",In-house dataset: 3716 documents; ACE05 dataset: 1635 documents.,"According to the paper, what are the sizes of the datasets used in the experiments?",In-house: 2000 documents; ACE05: 3716 documents.,In-house: 1635 documents; ACE05: 3716 documents.,In-house: 3716 documents; ACE05: 2000 documents.,In-house: 3716 documents; ACE05: 1635 documents.,D
1911.00069,,"Please write a succinct answer to the following question.
You do not need to restate the paper name or answer in complete sentences.

<question>
In the paper ""Neural Cross-Lingual Relation Extraction Based on Bilingual Word Embedding Mapping,"" which languages are used in the experiments?
</question>

Provide your answer in the following format (output nothing else):


{your answer here}","English, German, Spanish, Italian, Japanese, Portuguese, Arabic, Chinese","Which of the following languages is NOT used in the experiments in the paper ""Neural Cross-Lingual Relation Extraction Based on Bilingual Word Embedding Mapping""?",Portuguese,French,Italian,Japanese,B
1911.00069,,"Please write a succinct answer to the following question.
You do not need to restate the paper name or answer in complete sentences.

<question>
In the paper ""Neural Cross-Lingual Relation Extraction Based on Bilingual Word Embedding Mapping,"" which datasets are utilized for training and evaluation?
</question>

Provide your answer in the following format (output nothing else):


{your answer here}","in-house dataset (English, German, Spanish, Italian, Japanese, Portuguese); ACE05 dataset (English, Arabic, Chinese)",Which of the following datasets are used for training and evaluation in the paper 'Neural Cross-Lingual Relation Extraction Based on Bilingual Word Embedding Mapping'?,"In-house dataset (English, German, Spanish, Italian, Japanese, Portuguese) and ACE05 dataset (English, Arabic, Chinese)","SQuAD dataset and in-house dataset (English, German, Spanish, Italian, Japanese, Portuguese)","ACE05 dataset (English, Arabic, Chinese) and CoNLL-2003 dataset",CoNLL-2003 dataset and OntoNotes 5.0 dataset,A
2001.01589,,"Please write a succinct answer to the following question.
You do not need to restate the paper name or answer in complete sentences.

<question>
In the paper ""Morphological Word Segmentation on Agglutinative Languages for Neural Machine Translation,"" how is morphological knowledge incorporated into the proposed segmentation method?
</question>

Provide your answer in the following format (output nothing else):


{your answer here}","Morphological segmentation is first applied to extract stems and morphemes; then, a BPE model is learned and applied specifically to the stem units, combining morpheme boundaries with subword segmentation.",How does the proposed segmentation method incorporate morphological knowledge in the paper?,"BPE is applied after NMT training is complete, with no morphological consideration.","It first applies morphological segmentation to extract stems and morphemes, then applies a BPE model to the stem units, combining morpheme boundaries with subword segmentation.",Morphological rules are manually encoded into the NMT model without any segmentation.,It ignores morphological information and only uses direct character-level segmentation.,B
2001.01589,,"Please write a succinct answer to the following question.
You do not need to restate the paper name or answer in complete sentences.

<question>
How does the word segmentation method proposed in ""Morphological Word Segmentation on Agglutinative Languages for Neural Machine Translation"" operate, and what are its key steps?
</question>

Provide your answer in the following format (output nothing else):


{your answer here}","Morpheme segmentation and Byte Pair Encoding (BPE); use Zemberek for Turkish and a morphology analysis tool for Uyghur; after segmentation, add a specific symbol after each subword unit to mark morpheme boundaries and aid semantic capture.",Which of the following best describes the key steps of the word segmentation method proposed in the referenced paper?,Perform word-level tokenization and use frequency-based word replacement with no morphological consideration.,Use only rule-based segmentation for all languages and skip the use of morphology analysis tools.,Apply BPE directly to raw words without any morphological information and do not mark subword boundaries.,"Perform morpheme segmentation, then apply BPE; use Zemberek for Turkish and a morphology analysis tool for Uyghur; add a specific symbol after each subword unit to mark morpheme boundaries.",D
2001.01589,,"Please write a succinct answer to the following question.
You do not need to restate the paper name or answer in complete sentences.

<question>
In the paper ""Morphological Word Segmentation on Agglutinative Languages for Neural Machine Translation,"" is the proposed word segmentation method evaluated independently from the neural machine translation system?
</question>

Provide your answer in the following format (output nothing else):


{your answer here}",The proposed word segmentation method is not evaluated independently; it is assessed within the context of neural machine translation performance.,How is the proposed word segmentation method in the paper evaluated?,It is evaluated on synthetic data without using any translation tasks.,It is not evaluated in the paper.,"It is evaluated as a standalone segmentation method, independent of translation.",It is assessed based on its contribution to neural machine translation performance.,D
1806.00722,,"Please write a succinct answer to the following question.
You do not need to restate the paper name or answer in complete sentences.

<question>
In the paper ""Dense Information Flow for Neural Machine Translation,"" which baseline models are used for comparison in the experimental evaluation?
</question>

Provide your answer in the following format (output nothing else):


{your answer here}","4-layer encoder, 4-layer decoder, residual-connected model, with embedding and hidden size set as 256.",Which of the following is NOT one of the baseline models used in the experimental evaluation of 'Dense Information Flow for Neural Machine Translation'?,4-layer encoder,Residual-connected model,8-layer LSTM with attention,4-layer decoder,C
1806.00722,,"Please write a succinct answer to the following question.
You do not need to restate the paper name or answer in complete sentences.

<question>
Did the authors of ""Dense Information Flow for Neural Machine Translation"" demonstrate that their proposed method outperformed previous neural machine translation approaches in terms of translation quality?
</question>

Provide your answer in the following format (output nothing else):


{your answer here}","Yes; in almost all genres, DenseNMT models are significantly better than the baselines.","According to the paper, how did the DenseNMT models compare to baseline neural machine translation models in terms of translation quality?",DenseNMT models were not evaluated against baselines.,DenseNMT models were significantly better than the baselines in almost all genres.,DenseNMT models performed worse than the baselines in almost all cases.,DenseNMT models performed the same as the baselines in all tested genres.,B
1806.00722,,"Please write a succinct answer to the following question.
You do not need to restate the paper name or answer in complete sentences.

<question>
Which language pairs are explored in the experiments of the paper ""Dense Information Flow for Neural Machine Translation""?
</question>

Provide your answer in the following format (output nothing else):


{your answer here}","German-English, Turkish-English, English-German","Which of the following language pairs are explored in the experiments of the paper ""Dense Information Flow for Neural Machine Translation""?","Portuguese-English, Japanese-English, English-Korean","Spanish-English, Russian-English, English-Italian","French-English, Chinese-English, German-French","German-English, Turkish-English, English-German",D
1806.00722,,"Please write a succinct answer to the following question.
You do not need to restate the paper name or answer in complete sentences.

<question>
Which datasets were used in the experiments described in the paper ""Dense Information Flow for Neural Machine Translation""?
</question>

Provide your answer in the following format (output nothing else):


{your answer here}","IWSLT14 German-English, IWSLT14 Turkish-English, WMT14 English-German",Which of the following datasets was NOT used in the experiments described in 'Dense Information Flow for Neural Machine Translation'?,IWSLT14 German-English,WMT14 English-German,IWSLT14 Turkish-English,MNIST,D
1909.01013,,"Please write a succinct answer to the following question.
You do not need to restate the paper name or answer in complete sentences.

<question>
In the paper ""Duality Regularization for Unsupervised Bilingual Lexicon Induction,"" what specific regularizers were introduced to enforce consistency in back translation cycles?
</question>

Provide your answer in the following format (output nothing else):


{your answer here}",an adversarial loss ($\ell_{adv}$) for each model; a cycle consistency loss ($\ell_{cycle}$) on each side to enforce consistency in back translation cycles.,Which regularizers were specifically introduced in the paper 'Duality Regularization for Unsupervised Bilingual Lexicon Induction' to enforce consistency in back translation cycles?,An adversarial loss for each model and a cycle consistency loss on each side,Only reconstruction loss for each model,Only embedding similarity loss,Dropout regularization and L2 norm,A
1909.01013,,"Please write a succinct answer to the following question.
You do not need to restate the paper name or answer in complete sentences.

<question>
According to the paper ""Duality Regularization for Unsupervised Bilingual Lexicon Induction,"" what new best results does the proposed method achieve on standard bilingual lexicon induction benchmarks?
</question>

Provide your answer in the following format (output nothing else):


{your answer here}","New best accuracy (P@1) on Vecmap: EN-IT 50.00, IT-EN 42.67, EN-DE 51.60, DE-EN 47.22, FI-EN 39.62, EN-ES 39.47, ES-EN 36.43.","According to the paper ""Duality Regularization for Unsupervised Bilingual Lexicon Induction,"" what achievement does the proposed method make on standard bilingual lexicon induction benchmarks?","It achieves new best accuracy (P@1) on Vecmap: EN-IT 50.00, IT-EN 42.67, EN-DE 51.60, DE-EN 47.22, FI-EN 39.62, EN-ES 39.47, ES-EN 36.43.",It only matches previously reported results without improvement.,It achieves the lowest accuracy recorded on Vecmap benchmarks.,It fails to achieve new best results on any standard bilingual lexicon induction benchmark.,A
1909.01013,,"Please write a succinct answer to the following question.
You do not need to restate the paper name or answer in complete sentences.

<question>
According to the paper ""Duality Regularization for Unsupervised Bilingual Lexicon Induction,"" how does the proposed method's performance compare to competitive baselines in terms of bilingual lexicon induction accuracy?
</question>

Provide your answer in the following format (output nothing else):


{your answer here}","Proposed method achieves comparable or slightly better accuracy (P@1) than the best competitive baselines on most language pairs, consistently outperforming some baselines and matching or narrowly trailing others (e.g., EN-IT: 50 vs 50, EN-DE: 51.6 vs 51.47, EN-FI: 35.88 vs 36.24), demonstrating robust and competitive performance.","According to the results in the paper 'Duality Regularization for Unsupervised Bilingual Lexicon Induction,' how does the proposed method’s accuracy compare with competitive baselines?",It performs significantly worse than the best baseline.,It consistently achieves lower accuracy than all baselines.,It achieves perfect accuracy across all language pairs.,"It achieves comparable or slightly better accuracy (P@1) than most competitive baselines, while sometimes narrowly trailing some.",D
1909.01013,,"Please write a succinct answer to the following question.
You do not need to restate the paper name or answer in complete sentences.

<question>
In the paper ""Duality Regularization for Unsupervised Bilingual Lexicon Induction,"" which 6 language pairs are used in the experiments?
</question>

Provide your answer in the following format (output nothing else):


{your answer here}","EN↔ES, EN↔DE, EN↔IT, EN↔EO, EN↔MS, EN↔FI",Which of the following is NOT one of the six language pairs tested in the experiments of the paper 'Duality Regularization for Unsupervised Bilingual Lexicon Induction'?,EN↔EO,EN↔ES,EN↔FI,EN↔RU,D
1909.01013,,"Please write a succinct answer to the following question.
You do not need to restate the paper name or answer in complete sentences.

<question>
According to the paper ""Duality Regularization for Unsupervised Bilingual Lexicon Induction,"" what are the current state-of-the-art methods that consider the two tasks of bilingual lexicon induction independently?
</question>

Provide your answer in the following format (output nothing else):


{your answer here}","Procrustes, GPA, GeoMM, GeoMM$_{semi}$, Adv-C-Procrustes, Unsup-SL, Sinkhorn-BT","Which of the following is a state-of-the-art method that considers the two tasks of bilingual lexicon induction independently, according to the paper?",word2vec,fastText,GloVe,Procrustes,D
1910.10408,,"Please write a succinct answer to the following question.
You do not need to restate the paper name or answer in complete sentences.

<question>
In the paper ""Controlling the Output Length of Neural Machine Translation,"" do the authors conduct any human evaluation?
</question>

Provide your answer in the following format (output nothing else):


{your answer here}",Yes; the authors conduct a manual (human) evaluation for the En-It task.,Which type of evaluation did the authors conduct for the En-It task in the paper 'Controlling the Output Length of Neural Machine Translation'?,Manual (human) evaluation,Both automatic and manual evaluations were conducted,No evaluation was conducted,Only automatic (machine) evaluation,A
1910.10408,,"Please write a succinct answer to the following question.
You do not need to restate the paper name or answer in complete sentences.

<question>
In the paper ""Controlling the Output Length of Neural Machine Translation,"" which dataset do the authors use for their experiments?
</question>

Provide your answer in the following format (output nothing else):


{your answer here}","English→Italian and English→German portions of the MuST-C corpus (TED talks), plus additional data: ~16 million public and proprietary sentence pairs for English-Italian and 4.4 million WMT14 sentence pairs for English-German.",Which dataset combination did the authors use for their experiments in the paper 'Controlling the Output Length of Neural Machine Translation'?,English→French and English→Spanish WMT14 sentence pairs only,Only the English→Italian MuST-C corpus,"English→Italian and English→German MuST-C corpus, with additional English-Italian and English-German data",Only the English→German MuST-C corpus,C
1910.10408,,"Please write a succinct answer to the following question.
You do not need to restate the paper name or answer in complete sentences.

<question>
In the paper ""Controlling the Output Length of Neural Machine Translation,"" how do the authors enrich the positional embedding with length information?
</question>

Provide your answer in the following format (output nothing else):


{your answer here}","They introduce new trigonometric positional encodings that incorporate both position and length information (absolute or relative), encoding the remaining length of the sequence during decoding.",How do the authors of the paper 'Controlling the Output Length of Neural Machine Translation' enrich the positional embedding with length information?,They introduce new trigonometric positional encodings that incorporate both position and length information.,They add random noise to the positional encodings during training.,They ignore positional encoding and use only word embeddings.,They use only the standard sinusoidal positional encoding without any length information.,A
1910.10408,,"Please write a succinct answer to the following question.
You do not need to restate the paper name or answer in complete sentences.

<question>
In the paper ""Controlling the Output Length of Neural Machine Translation,"" how do the authors condition the output to a given target-source length class?
</question>

Provide your answer in the following format (output nothing else):


{your answer here}","Prepend a length token (<short>, <normal>, <long>) to each source sentence based on target/source length ratio during training; at inference, use the desired length token to bias output length.",How do the authors of 'Controlling the Output Length of Neural Machine Translation' control output length?,"By prepending a length token (<short>, <normal>, <long>) to each source sentence based on target/source length ratio.",By adjusting the learning rate based on sentence length during training.,By using a separate length prediction neural network after translation.,By truncating the output manually to match the source length.,A
1910.10408,,"Please write a succinct answer to the following question.
You do not need to restate the paper name or answer in complete sentences.

<question>
In the paper ""Controlling the Output Length of Neural Machine Translation,"" which languages are used in the experiments?
</question>

Provide your answer in the following format (output nothing else):


{your answer here}",English–Italian (En-It) and English–German (En-De),Which language pairs are used in the experiments of the paper 'Controlling the Output Length of Neural Machine Translation'?,German–Japanese (De-Ja) and English–Russian (En-Ru),English–Chinese (En-Zh) and Spanish–Italian (Es-It),English–Italian (En-It) and English–German (En-De),French–Spanish (Fr-Es) and English–French (En-Fr),C
1910.10408,,"Please write a succinct answer to the following question.
You do not need to restate the paper name or answer in complete sentences.

<question>
In the paper ""Controlling the Output Length of Neural Machine Translation,"" which dataset do the authors use for their experiments?
</question>

Provide your answer in the following format (output nothing else):


{your answer here}","English→Italian and English→German portions of the MuST-C corpus (TED talks), plus additional data: ~16 million public and proprietary sentence pairs for English-Italian and 4.4 million WMT14 sentence pairs for English-German.","Which dataset did the authors use for their experiments in the paper ""Controlling the Output Length of Neural Machine Translation""?",English→Italian and English→German MuST-C (TED talks) plus additional public and proprietary data.,SQuAD (Stanford Question Answering Dataset).,Penn Treebank Corpus.,ImageNet dataset.,A
1910.10408,,"Please write a succinct answer to the following question.
You do not need to restate the paper name or answer in complete sentences.

<question>
In the paper ""Controlling the Output Length of Neural Machine Translation,"" do the authors experiment with combining the two proposed methods for output length control?
</question>

Provide your answer in the following format (output nothing else):


{your answer here}","Yes, the authors experiment with combining the two proposed methods for output length control.","In the paper 'Controlling the Output Length of Neural Machine Translation,' what did the authors do regarding the two proposed methods for output length control?",They only used each method separately without combining them.,They proposed three new methods instead.,They did not use either of the proposed methods.,They experimented with combining the two proposed methods.,D
1903.00058,,"Please write a succinct answer to the following question.
You do not need to restate the paper name or answer in complete sentences.

<question>
In the paper ""Non-Parametric Adaptation for Neural Machine Translation,"" from where do the authors retrieve neighbor n-grams in their proposed approach?
</question>

Provide your answer in the following format (output nothing else):


{your answer here}",Neighbor n-grams are retrieved from the training set by representing each sentence as a reduced n-gram set and finding the closest n-gram in the training set using IDF similarity.,"In the paper 'Non-Parametric Adaptation for Neural Machine Translation,' from where do the authors retrieve neighbor n-grams for their approach?",From the training set using IDF similarity,From a random corpus using TF similarity,From the validation set using bigram matching,From the test set using word frequency,A
1903.00058,,"Please write a succinct answer to the following question.
You do not need to restate the paper name or answer in complete sentences.

<question>
In the paper ""Non-Parametric Adaptation for Neural Machine Translation,"" which baseline systems do the authors use for comparison in their experiments?
</question>

Provide your answer in the following format (output nothing else):


{your answer here}",standard Transformer Base model,Which model did the authors use as a baseline system for comparison in their experiments in the paper 'Non-Parametric Adaptation for Neural Machine Translation'?,Random Forest,Convolutional Neural Network,Support Vector Machine,Standard Transformer Base model,D
1903.00058,,"Please write a succinct answer to the following question.
You do not need to restate the paper name or answer in complete sentences.

<question>
In the paper ""Non-Parametric Adaptation for Neural Machine Translation,"" is the combination of the non-parametric retrieval mechanism and the neural network trained end-to-end?
</question>

Provide your answer in the following format (output nothing else):


{your answer here}","Yes. The combination is trained end-to-end: ""The semi-parametric models were trained on 32 GPUs with each replica split over 2 GPUs, one to train the translation model and the other for computing the CSTM.""","In the paper 'Non-Parametric Adaptation for Neural Machine Translation', how is the combination of the non-parametric retrieval mechanism and the neural network trained?",They are trained end-to-end.,"Only the neural network is trained, the retrieval mechanism is fixed.",They are trained independently and then combined.,Neither component is trained.,A
1903.00058,,"Please write a succinct answer to the following question.
You do not need to restate the paper name or answer in complete sentences.

<question>
In the paper ""Non-Parametric Adaptation for Neural Machine Translation,"" which similarity measure is used for their n-gram retrieval approach?
</question>

Provide your answer in the following format (output nothing else):


{your answer here}",Inverse document frequency (IDF) based similarity score.,Which similarity measure is used for the n-gram retrieval approach in 'Non-Parametric Adaptation for Neural Machine Translation'?,Euclidean distance,Inverse document frequency (IDF) based similarity score,Cosine similarity,Jaccard similarity,B
2002.08899,,"Please write a succinct answer to the following question.
You do not need to restate the paper name or answer in complete sentences.

<question>
In the paper ""Compositional Neural Machine Translation by Removing the Lexicon from Syntax,"" does the use of constrained neural units mean that word meanings are fixed across different contexts?
</question>

Provide your answer in the following format (output nothing else):


{your answer here}","No; constrained neural units separate word meaning from syntax, preventing context-invariant (fixed) meanings from being encoded in syntax representations, so word meanings are not fixed across contexts.","In the paper 'Compositional Neural Machine Translation by Removing the Lexicon from Syntax,' what effect do constrained neural units have on word meanings across different contexts?",They allow syntax to encode all possible word meanings.,They fix word meanings across all contexts.,They combine word meanings and syntax into single representations.,They ensure word meanings remain separate from syntax and are not fixed across contexts.,D
2002.08899,,"Please write a succinct answer to the following question.
You do not need to restate the paper name or answer in complete sentences.

<question>
In the paper ""Compositional Neural Machine Translation by Removing the Lexicon from Syntax,"" do the authors present a quantitative analysis demonstrating knowledge distortions in their model?
</question>

Provide your answer in the following format (output nothing else):


{your answer here}","Yes; the authors present quantitative analysis, including corpus-level results (mean precision on test sets) from damaged models, demonstrating knowledge distortions analogous to human aphasia.","In the paper 'Compositional Neural Machine Translation by Removing the Lexicon from Syntax,' what do the authors present to show knowledge distortions in their model?",No analysis of any kind,A review of related work without presenting new results,"Quantitative analysis, including corpus-level results from damaged models",Only qualitative anecdotal examples,C
2002.08899,,"Please write a succinct answer to the following question.
You do not need to restate the paper name or answer in complete sentences.

<question>
In the paper ""Compositional Neural Machine Translation by Removing the Lexicon from Syntax,"" how do the authors damage the different neural modules during their experiments?
</question>

Provide your answer in the following format (output nothing else):


{your answer here}","Randomly initializing the weights of neural modules, resulting in loss of all learned information.",How do the authors damage the neural modules during their experiments in the paper 'Compositional Neural Machine Translation by Removing the Lexicon from Syntax'?,By introducing adversarial examples during testing.,By randomly initializing the weights of the neural modules.,By deleting layers from the network.,By reducing the size of the training dataset.,B
2002.02427,,"Please write a succinct answer to the following question.
You do not need to restate the paper name or answer in complete sentences.

<question>
In the paper ""Irony Detection in a Multilingual Context,"" which multilingual word representations are utilized for the irony detection task?
</question>

Provide your answer in the following format (output nothing else):


{your answer here}","Multilingual word representation that learns a linear mapping from a source to a target embedding space; specifically, Conneau et al.'s approach for aligning embedding spaces across languages.",Which word representation methodology is employed in the paper 'Irony Detection in a Multilingual Context' for irony detection?,A bag-of-words model without considering embeddings.,An n-gram language model trained from scratch on each language.,A multilingual word representation that aligns embedding spaces across languages using Conneau et al.'s approach.,A monolingual word representation for each language separately.,C
2002.02427,,"Please write a succinct answer to the following question.
You do not need to restate the paper name or answer in complete sentences.

<question>
In the paper ""Irony Detection in a Multilingual Context,"" do the authors discuss any cultural differences in the use of irony?
</question>

Provide your answer in the following format (output nothing else):


{your answer here}","Yes; the authors discuss cultural differences, noting both shared pragmatic devices and similar text-based patterns in ironic tweets across European and non-European languages, but also highlight challenges due to informal language, dialects, and differences in language presentation.","According to the paper 'Irony Detection in a Multilingual Context', do the authors address cultural differences in how irony is used?",No; they state there are no cultural differences in the use of irony.,They claim irony does not exist outside of European languages.,Yes; they discuss both shared and differing aspects in the use of irony across cultures.,The paper focuses only on technical aspects and ignores cultural factors.,C
2002.02427,,"Please write a succinct answer to the following question.
You do not need to restate the paper name or answer in complete sentences.

<question>
In the paper ""Irony Detection in a Multilingual Context,"" which neural architectures are employed for irony detection?
</question>

Provide your answer in the following format (output nothing else):


{your answer here}",Convolutional Neural Network (CNN),Which neural architecture is employed for irony detection in the paper 'Irony Detection in a Multilingual Context'?,Recurrent Neural Network (RNN),Transformer,Long Short-Term Memory (LSTM),Convolutional Neural Network (CNN),D
2002.02427,,"Please write a succinct answer to the following question.
You do not need to restate the paper name or answer in complete sentences.

<question>
In the paper ""Irony Detection in a Multilingual Context,"" what specific text-based features are utilized for irony detection?
</question>

Provide your answer in the following format (output nothing else):


{your answer here}","Language-independent features: punctuation marks, positive and negative emoticons, quotations, personal pronouns, tweet's length, named entities; language-dependent features: negation, opinion lexicons, opposition words.",Which of the following is NOT mentioned as a feature used for irony detection in the paper 'Irony Detection in a Multilingual Context'?,Punctuation marks,Named entities,Topic modeling,Emoticons,C
2002.02427,,"Please write a succinct answer to the following question.
You do not need to restate the paper name or answer in complete sentences.

<question>
In the paper ""Irony Detection in a Multilingual Context,"" which monolingual word representations are utilized for the irony detection task?
</question>

Provide your answer in the following format (output nothing else):


{your answer here}","AraVec for Arabic, FastText for French, and Word2vec Google News for English.",Which set of monolingual word representations is used for irony detection in a multilingual context as described in the paper?,"AraVec for Arabic, FastText for French, and Word2vec Google News for English.","GloVe for Arabic, FastText for French, and AraVec for English.","FastText for Arabic, AraVec for French, and Word2vec Google News for English.","Word2vec Google News for Arabic, AraVec for French, and FastText for English.",A
1610.05243,,"Please write a succinct answer to the following question.
You do not need to restate the paper name or answer in complete sentences.

<question>
Which dataset is used in the paper ""Pre-Translation for Neural Machine Translation""?
</question>

Provide your answer in the following format (output nothing else):


{your answer here}","All parallel data available for the WMT 2016, including the news commentary corpus, European parliament proceedings, and common crawl corpus.","Which of the following datasets is used in the paper ""Pre-Translation for Neural Machine Translation""?",The COCO image captioning dataset.,Penn Treebank corpus.,Only the IWSLT2014 TED Talks dataset.,"All parallel data available for the WMT 2016, including the news commentary corpus, European parliament proceedings, and common crawl corpus.",D
1610.05243,,"Please write a succinct answer to the following question.
You do not need to restate the paper name or answer in complete sentences.

<question>
In the paper ""Pre-Translation for Neural Machine Translation,"" how is the phrase-based machine translation (PBMT) system trained?
</question>

Provide your answer in the following format (output nothing else):


{your answer here}",systems were optimized on the tst2014 using Minimum error rate training (MERT),How was the phrase-based machine translation (PBMT) system trained in the paper 'Pre-Translation for Neural Machine Translation'?,It used reinforcement learning for optimization.,It was optimized using stochastic gradient descent.,It was optimized on tst2014 using Minimum error rate training (MERT).,It was trained by maximizing log-likelihood on the training data.,C
1610.05243,,"Please write a succinct answer to the following question.
You do not need to restate the paper name or answer in complete sentences.

<question>
Which neural machine translation (NMT) architecture is used in the paper ""Pre-Translation for Neural Machine Translation""?
</question>

Provide your answer in the following format (output nothing else):


{your answer here}","trained using Nematus, default configuration","Which NMT architecture is used in the paper ""Pre-Translation for Neural Machine Translation""?",Transformer,Marian,OpenNMT,Nematus,D
1610.05243,,"Please write a succinct answer to the following question.
You do not need to restate the paper name or answer in complete sentences.

<question>
In the paper ""Pre-Translation for Neural Machine Translation,"" do the authors train their Neural Machine Translation (NMT) model using outputs generated by a Phrase-Based Machine Translation (PBMT) system?
</question>

Provide your answer in the following format (output nothing else):


{your answer here}",Yes.,"According to the paper 'Pre-Translation for Neural Machine Translation,' how did the authors train their NMT model?",They trained it only with human-generated reference translations.,They did not train it at all.,They trained it using outputs from a PBMT system.,They trained it using outputs from a rule-based MT system.,C
1910.11768,,"Please write a succinct answer to the following question.
You do not need to restate the paper name or answer in complete sentences.

<question>
In the paper ""Exploring Multilingual Syntactic Sentence Representations,"" which evaluation metrics do the authors use for language modelling?
</question>

Provide your answer in the following format (output nothing else):


{your answer here}","functional dissimilarity score, nearest neighbours experiment",Which of the following evaluation metrics were used by the authors for language modelling in 'Exploring Multilingual Syntactic Sentence Representations'?,Functional dissimilarity score and nearest neighbours experiment,Word error rate and F1 score,Perplexity and accuracy,BLEU score and ROUGE score,A
1910.11768,,"Please write a succinct answer to the following question.
You do not need to restate the paper name or answer in complete sentences.

<question>
In the paper ""Exploring Multilingual Syntactic Sentence Representations,"" do the authors perform a quantitative analysis to evaluate the quality of the learned sentence embeddings?
</question>

Provide your answer in the following format (output nothing else):


{your answer here}","Yes; the authors perform a quantitative analysis, as shown by high nearest neighbours accuracy indicating that syntactic information was successfully captured by the embeddings.",What method did the authors use to assess the quality of their learned sentence embeddings in 'Exploring Multilingual Syntactic Sentence Representations'?,They did not evaluate the embeddings.,They used only automatic machine translation tests.,They performed a quantitative analysis measuring nearest neighbours accuracy.,They relied solely on manual qualitative inspection.,C
1910.11768,,"Please write a succinct answer to the following question.
You do not need to restate the paper name or answer in complete sentences.

<question>
In the paper ""Exploring Multilingual Syntactic Sentence Representations,"" do the authors evaluate their proposed sentence representations on any downstream tasks?
</question>

Provide your answer in the following format (output nothing else):


{your answer here}","Yes; the authors evaluate their proposed sentence representations on downstream tasks via zero-shot transfer experiments, reporting 1-NN and 5-NN accuracies for multiple languages.",Which of the following is true about the evaluation methods in 'Exploring Multilingual Syntactic Sentence Representations'?,The authors evaluated their representations on image classification tasks only.,The authors assessed their sentence representations using downstream tasks and reported 1-NN and 5-NN accuracies.,The authors only conducted theoretical analysis without empirical evaluation.,The authors did not report any experimental results for their representations.,B
1910.11768,,"Please write a succinct answer to the following question.
You do not need to restate the paper name or answer in complete sentences.

<question>
Which corpus is used in the paper ""Exploring Multilingual Syntactic Sentence Representations""?
</question>

Provide your answer in the following format (output nothing else):


{your answer here}","Translations from Tatoeba and OpenSubtitles; 6 languages: English, Spanish, German, Dutch, Korean, Chinese Mandarin.",Which corpora were used in the paper 'Exploring Multilingual Syntactic Sentence Representations'?,"Europarl; 4 languages: English, German, French, Spanish.",Common Crawl dataset; 2 languages: English and Chinese.,"Wikipedia; 3 languages: English, French, Russian.","Tatoeba and OpenSubtitles; 6 languages: English, Spanish, German, Dutch, Korean, Chinese Mandarin.",D
1810.03459,,"Please write a succinct answer to the following question.
You do not need to restate the paper name or answer in complete sentences.

<question>
In the paper ""Multilingual sequence-to-sequence speech recognition: architecture, transfer learning, and language modeling,"" what data do the authors use to train the language models?
</question>

Provide your answer in the following format (output nothing else):


{your answer here}",BABEL speech corpus collected from the IARPA Babel program.,"Which dataset did the authors use to train the language models in the paper 'Multilingual sequence-to-sequence speech recognition: architecture, transfer learning, and language modeling'?",BABEL speech corpus collected from the IARPA Babel program,Common Voice corpus,TED-LIUM corpus,LibriSpeech dataset,A
1810.03459,,"Please write a succinct answer to the following question.
You do not need to restate the paper name or answer in complete sentences.

<question>
In the paper ""Multilingual sequence-to-sequence speech recognition: architecture, transfer learning, and language modeling,"" do the authors report BLEU scores as part of their evaluation metrics?
</question>

Provide your answer in the following format (output nothing else):


{your answer here}","No, the authors do not report BLEU scores as part of their evaluation metrics; they primarily use word error rate (WER) for assessment.",Which of the following metrics do the authors of the paper primarily use for their evaluation?,Word Error Rate (WER),BLEU score,ROUGE score,Perplexity,A
1810.03459,,"Please write a succinct answer to the following question.
You do not need to restate the paper name or answer in complete sentences.

<question>
In the paper ""Multilingual sequence-to-sequence speech recognition: architecture, transfer learning, and language modeling,"" which languages are included in their experiments?
</question>

Provide your answer in the following format (output nothing else):


{your answer here}","Train languages: Cantonese, Bengali, Pashto, Turkish, Vietnamese, Haitian, Tamil, Kurdish, Tokpisin, Georgian; target languages: Assamese, Tagalog, Swahili, Lao.","Which of the following languages was included in the experiments conducted in the paper 'Multilingual sequence-to-sequence speech recognition: architecture, transfer learning, and language modeling'?",Arabic,Russian,Japanese,Bengali,D
1810.03459,,"Please write a succinct answer to the following question.
You do not need to restate the paper name or answer in complete sentences.

<question>
In the paper ""Multilingual sequence-to-sequence speech recognition: architecture, transfer learning, and language modeling,"" which specific architectures are investigated to enhance the sequence-to-sequence speech recognition model?
</question>

Provide your answer in the following format (output nothing else):


{your answer here}","VGG-BLSTM, BLSTMP, character-level RNNLM (2-layer LSTM).",Which of the following architectures are investigated in the paper to enhance sequence-to-sequence speech recognition?,"Transformer-XL, Feedforward NN, subword-level RNNLM","VGG-BLSTM, BLSTMP, character-level RNNLM (2-layer LSTM)","Convolutional Transformers, GRU, word-level RNNLM","ResNet, vanilla RNN, phoneme-level RNNLM",B
